Ridge,LightGBM,k-NN,SVR
0.22422944836039613,0.3223959468878889,0.21130125874830974,0.2420733460034051
